"","x"
"1738",-2.24834796749684
"1739",-1.92393349343039
"1740",-6.96510218345066
"1741",-2.19085388953096
"1742",-0.120363771825053
"1743",-0.078858801497048
"1744",-0.0754410748294802
"1745",-0.0268723587868466
"1746",0.0611800039082615
"1747",-0.00705863769685406
"1748",-0.0860007550520084
"1749",0.142993431224522
"1750",-0.0175383364614546
"1751",-0.0899974594741003
"1752",0.0926088102401278
"1753",-0.047998322259738
"1754",0.175050488288436
"1755",0.0707029006676576
"1756",0.0355707944162183
"1757",-0.0455994388914168
"1758",0.0469234965584785
"1759",0.0542705267676386
"1760",-0.0539766679133685
"1761",0.0567419452032761
"1762",-0.0964130514301303
"1763",0.00445790047760737
"1764",0.0389699587810079
"1765",-0.018841766024024
"1766",0.0867787111058473
"1767",-0.121834266040413
"1768",-0.0519055916513041
"1769",0.0797260314123957
"1770",-0.0586038049322621
"1771",0.0794021680501914
"1772",0.0573087259360911
"1773",0.0477436381287654
"1774",0.00722069357397719
"1775",-0.103408600709613
"1776",-0.0119569365653738
"1777",0.0200911208756003
"1778",-0.00782509533253236
"1779",-0.0516224218951287
"1780",-0.0911169452157489
"1781",-0.333592771153957
"1782",0.194134959245023
"1783",-0.042768392854453
"1784",-0.0194973050915476
"1785",-0.024969050732847
"1786",0.100160463075138
"1787",0.197378070059919
"1788",-0.00834526031103053
"1789",0.165539849375593
"1790",0.0465123985744531
"1791",0.0497011023015546
"1792",-0.0761717590101818
"1793",0.15015743169402
"1794",-0.0522248029159068
"1795",0.0700207639708716
"1796",-0.160958303083296
"1797",0.210318891442843
"1798",0.0308665453123562
"1799",-0.0740637469735338
"1800",-0.0291320833961128
"1801",0.0450537338448887
"1802",-0.0635246004217171
"1803",-0.024507810677062
"1804",-0.10101299506764
"1805",-0.0191822050873133
"1806",0.0519874806461581
"1807",-0.0643280152228358
"1808",0.130391745017117
"1809",0.18628538945576
"1810",0.00217244460212682
"1811",-0.0942644485728365
"1812",0.0686618510043908
"1813",-0.00235577873451184
"1814",-0.272617311403642
"1815",0.164297671938525
"1816",0.0308454651095639
"1817",-0.0406235853959689
"1818",-0.0987858699605619
"1819",0.0826660635920155
"1820",-0.0841491088733726
"1821",-0.107286029042422
"1822",0.110191362080702
"1823",-0.0621851010861758
"1824",0.049513683523901
"1825",0.0710473199323466
"1826",0.0606221500560838
"1827",0.057667364277299
"1828",-0.052276321844373
"1829",-0.0590695022201346
"1830",-0.068887661485279
"1831",0.350598371780204
"1832",0.0252300280880632
"1833",0.0907845242780998
"1834",0.268843861562519
"1835",0.143597368735272
"1836",0.210379778906355
"1837",-0.0592044127813451
"1838",0.291527953876609
"1839",0.0695245206761078
"1840",-0.214588971558391
"1841",0.145097382816319
"1842",0.17543614121452
"1843",-0.138191580944929
"1844",0.357450905810404
"1845",0.121135939920359
"1846",-0.0137701139666145
"1847",-0.0968038834662738
"1848",0.0757772636023806
"1849",-0.0887413519348447
"1850",-0.113020749536206
"1851",-0.203226054576496
"1852",0.0182472854913373
"1853",-0.205732429985152
"1854",-0.0493295959650841
"1855",-0.000807329125534884
"1856",0.103887266637104
"1857",-0.21433335458708
"1858",0.0665151508195171
"1859",0.0325900171777425
"1860",0.11433881307956
"1861",0.221809321498768
"1862",0.0886270881177263
"1863",0.155416059671086
"1864",0.027440886790351
"1865",0.16211145094415
"1866",-0.284077471126003
"1867",0.0891180982410705
"1868",0.0496349592537803
"1869",-0.131329707648041
"1870",0.308687368802642
"1871",-0.0860861590803868
"1872",-0.0326845420162185
"1873",-0.0448801660505737
"1874",0.0243121377658029
"1875",0.0406780663970238
"1876",0.02125418189262
"1877",-0.101723026410749
"1878",0.00796275536167783
"1879",-0.267588124861638
"1880",0.111936465104666
"1881",0.015772517295507
"1882",0.11781479283251
"1883",0.0859697354196749
"1884",-0.032639727176922
"1885",0.0625720666254607
"1886",-0.245105781275122
"1887",0.0371620578724641
"1888",0.0624712212056782
"1889",0.101708026587657
"1890",0.205778130816508
"1891",0.073046970594609
"1892",-0.0504197894642201
"1893",0.16754749471315
"1894",0.106146188085185
"1895",-0.261854508672198
"1896",0.168300434207854
"1897",-0.0407082362473662
"1898",0.0226623484871454
"1899",0.0400238287616908
"1900",0.159738923400858
"1901",0.0563001845460913
"1902",-0.165083979401817
"1903",-0.150513910324632
"1904",-0.105904068843784
"1905",-0.300820054991033
"1906",-0.0747346338235859
"1907",-0.200183177393239
"1908",-0.373426772732834
"1909",-0.17734330012552
"1910",-0.473544607186325
"1911",-0.211796443013453
"1912",-0.483229219131793
"1913",-0.117180319798475
"1914",-0.498135951925082
"1915",-0.234963633970519
"1916",-0.134480946632188
"1917",-0.517935856990773
"1918",-0.307284704560228
"1919",0.110524188490125
"1920",-0.291050726429675
"1921",-0.205739701666114
"1922",-0.1349082511903
"1923",-0.354324676185929
"1924",0.0366512871614097
"1925",-0.0708551228901146
"1926",-0.119030388137308
"1927",-0.311265463793202
"1928",-0.346623939618101
"1929",-0.810379303587899
"1930",-0.366423330852251
"1931",-0.170671649498007
"1932",-0.293195033113964
"1933",-0.231485906022623
"1934",-0.427335671390851
"1935",-0.33301159024078
"1936",-0.754568675168468
"1937",-0.243836666140997
"1938",-0.161984249891032
"1939",-0.119051979350669
"1940",-0.525140315642762
"1941",-0.0713619513866209
"1942",-0.25359238835087
"1943",-0.391809181583577
"1944",-0.2609769569534
"1945",-0.510153308912737
"1946",-0.367103372707454
"1947",-0.525271343615476
"1948",0.0674045919971946
"1949",-0.383661689983637
"1950",-0.192908303435307
"1951",-0.128189735753017
"1952",-0.510510926418661
"1953",-0.584081550874731
"1954",-0.238569617030769
"1955",0.0681736592889002
"1956",-0.39616587748267
"1957",-0.250875465243921
"1958",-0.541599262005331
"1959",-0.612466344024345
"1960",-0.614566005922529
"1961",-0.378668093287838
"1962",-0.0651485273223271
"1963",-0.4232760716035
"1964",-0.596305768086837
"1965",-0.288513727790196
"1966",0.0410348416204032
"1967",-0.37933678346478
"1968",-0.686516200199597
"1969",-0.721041619080228
"1970",-0.313400834346538
"1971",-0.652439403903902
"1972",-0.454349952794478
"1973",-0.405517396684682
"1974",-0.824169621765475
"1975",-0.0563850626752065
"1976",-0.550583573839648
"1977",-0.322509837225173
"1978",-0.129533270359105
"1979",-0.292015044837762
"1980",-0.249396503653709
"1981",-0.348777807944887
"1982",-0.574366650482911
"1983",-0.417380701842566
"1984",0.162683694800966
"1985",-0.251416316851984
"1986",-0.0339549505562851
"1987",-0.648484841709619
"1988",-0.513163748789562
"1989",-0.0348816419238863
"1990",-0.433101148111986
"1991",-0.245283496649708
"1992",-0.476137033465767
"1993",-0.316359690121602
"1994",-0.452756823741066
"1995",-0.265980980088569
"1996",-0.197513445338487
"1997",0.0208275199624667
"1998",-0.189186218584996
"1999",-0.17529386831616
"2000",-0.407269488189558
"2001",-0.511487150861974
"2002",-0.468464015877692
"2003",-0.391992850151434
"2004",-0.170219356520318
"2005",-0.158996997733435
"2006",0.0420682562769644
"2007",-0.143071119194305
"2008",-0.508718781472975
"2009",-0.103016860116967
"2010",-0.193891880404394
"2011",-0.332280560796564
"2012",-0.819906950921936
"2013",-0.309944799821778
"2014",-0.402672375703641
"2015",-0.224762140181648
"2016",-0.265282246607095
"2017",-0.143705869827988
"2018",-0.414894889545003
"2019",-0.787548141603091
"2020",-0.210815131186596
"2021",-0.230659313178552
"2022",-0.18146669995709
"2023",-0.256985569844433
"2024",-0.283962228207224
"2025",-0.177419731869114
"2026",-0.291144202798144
"2027",0.217602844443083
"2028",-0.584265277925915
"2029",-0.565842169549851
"2030",-0.242687497322538
"2031",-0.377818426455145
"2032",-0.499835166980725
"2033",-0.119562716351909
"2034",-0.142926878228726
"2035",-0.42922783307086
"2036",-0.335875757908254
"2037",-0.269690738079002
"2038",-0.461391824326102
"2039",-0.0763711183829874
"2040",-0.485978913569315
"2041",-0.459100018952396
"2042",-0.46103512289938
"2043",-0.193173110344172
"2044",-0.510303403723297
"2045",-0.277659628482071
"2046",-0.699914690003041
"2047",-0.304496991702857
"2048",-0.119210613777765
"2049",-0.221072027588917
"2050",-0.208302280137026
"2051",-0.168391097809027
"2052",-0.318857719510832
"2053",-0.481571722223076
"2054",-0.322012090134897
"2055",-0.177094482862235
"2056",-0.226934872984114
"2057",-0.495860483397285
"2058",-0.50998848455873
"2059",-0.137351121293842
"2060",-0.310995125210685
"2061",-0.069758971814334
"2062",-0.228972887666569
"2063",-0.433349036892075
"2064",-0.360961095970267
"2065",-0.250774918021712
"2066",-0.912528994140793
"2067",-0.365572428740584
"2068",-0.715796654661485
"2069",-0.178713709068179
"2070",-0.256277368033039
"2071",-0.445615122604122
"2072",-0.304261152486154
"2073",-0.399649202559038
"2074",-0.137751653685009
"2075",-0.383830276570879
"2076",-0.0161055411939129
"2077",-0.399209778228015
"2078",-0.163800616001582
"2079",-0.269318797891963
"2080",-0.211304507944535
"2081",-0.444515970894007
"2082",-0.390215435271946
"2083",-0.322647603574144
"2084",-0.188241886902166
"2085",-0.191070818493228
"2086",-0.411379092331503
"2087",-0.053178538420284
"2088",-0.185958175250953
"2089",-0.428744815074358
"2090",-0.448129891124074
"2091",-0.257898488274572
"2092",-0.341582855930063
"2093",-0.804910070131499
"2094",-0.381975519180308
"2095",-0.0365048823148419
"2096",-0.372647610579706
"2097",-0.555962422187601
"2098",-0.271774738026671
"2099",-0.772634779604366
"2100",-0.36346210212276
"2101",-0.114222410336022
"2102",0.00826352472223181
"2103",-0.470336898544081
"2104",-0.0659547667366057
"2105",-0.32160846356516
"2106",-0.0967295050355555
"2107",-0.295302351266394
"2108",-0.435674490789776
"2109",-0.437217780699634
"2110",-0.426532276776265
"2111",-0.320879794995217
"2112",-0.309720656206461
"2113",-0.930440133343577
"2114",-0.471768651316944
"2115",0.017916091088072
"2116",-0.261425789012345
"2117",-1.06621145562106
"2118",-0.439398882599678
"2119",-0.38041473283984
"2120",-0.543696320723287
"2121",-0.382176121614356
"2122",-0.428747213811689
"2123",-0.0596551540269063
"2124",-0.20274898620769
"2125",-0.22915210230621
"2126",-0.493817371304376
"2127",-0.373005361045338
"2128",-0.257049019584477
"2129",-0.292518851457309
"2130",-0.0986993535810704
"2131",-0.326195409589963
"2132",-0.292652209121194
"2133",-0.249753368296506
"2134",-0.452881341114174
"2135",-0.61685751947371
"2136",-0.575257156375237
"2137",-0.368229464548048
"2138",-0.264053378061899
"2139",-0.0319944075968873
"2140",0.0920172259058492
"2141",-0.348232937071903
"2142",-0.0528348616449042
"2143",-0.673109458439125
"2144",-0.183609105166089
"2145",-0.32815075182177
"2146",-0.159546078434281
"2147",-0.246839626703291
"2148",-0.791598657608935
"2149",0.046296735067802
"2150",-0.254218643704896
"2151",-0.462844371632159
"2152",-0.23829751403894
"2153",-0.28471628560524
"2154",-0.438088437140495
"2155",-0.497270100550786
"2156",-0.762590460355791
"2157",-0.965562672306204
"2158",-0.115382033461426
"2159",-0.211737205951537
"2160",-0.244594548608037
"2161",-0.0605355491451944
"2162",-0.340077783595486
"2163",-0.180641542846863
"2164",-0.158791868878131
"2165",-0.132276017971415
"2166",-0.197287386332307
"2167",-0.315084423757496
"2168",-0.225714841938067
"2169",-0.121431751639126
"2170",-0.178396966814554
"2171",-0.16442234864573
"2172",0.217195564151047
"2173",0.0478545265138611
"2174",0.235080521868617
"2175",0.0759594125913687
"2176",0.147305026181733
"2177",0.16490388887548
"2178",0.0830991049988771
"2179",0.0174808537158615
"2180",0.0591605457860074
"2181",0.185403275367463
"2182",0.196560046734435
"2183",0.215123727388337
"2184",0.174992137297373
"2185",0.0489693249937231
"2186",0.128879926564969
"2187",0.0787338442380179
"2188",0.115893871884296
"2189",0.218606885935518
"2190",0.21982409347055
"2191",0.349327055150565
"2192",0.154940318621086
"2193",0.0988921571157782
"2194",0.107796363730661
"2195",0.409580846061377
"2196",-0.358991109260248
"2197",0.181675943818125
"2198",0.0999336170539953
"2199",-0.0452161017070737
"2200",0.44730669342947
"2201",-0.0769547327505495
"2202",0.0876912100181461
"2203",0.0967903941376251
"2204",-0.0799440473659817
"2205",0.901707553882855
"2206",0.0541663443415824
"2207",0.459739919560119
"2208",0.539614622439115
"2209",0.339347665305868
"2210",0.093826105164622
"2211",0.120919356826026
"2212",0.201173228758505
"2213",0.0868884451905762
"2214",-0.2911162448423
"2215",-0.0902997394819887
"2216",0.175825619169055
"2217",-0.28878921517655
"2218",0.0160268126075954
"2219",0.740617210020166
"2220",0.602016774433875
"2221",0.41089448871951
"2222",0.179930530142533
"2223",-0.345123837878827
"2224",0.0487075153679929
"2225",0.345972879578308
"2226",0.766736765248176
"2227",0.375743448089531
"2228",0.0139158189879969
"2229",0.417452049433826
"2230",0.139947532044055
"2231",0.0041605597512742
"2232",0.255277826792694
"2233",0.115062598051158
"2234",0.103466423725449
"2235",0.0933933386686199
"2236",0.473288448588521
"2237",0.0618991016661003
"2238",0.312046067123065
"2239",0.426735746610252
"2240",-0.0418004862801478
"2241",0.292544529244217
"2242",0.0333429504641348
"2243",0.173406839036388
"2244",-0.150706981475237
"2245",0.103041147153799
"2246",0.481126046431405
"2247",0.26347846312536
"2248",0.250605130842275
"2249",-0.249969759469975
"2250",-0.0652332616243358
"2251",0.294364122229317
"2252",-0.169498687445121
"2253",-0.26653346254848
"2254",0.389030454395013
"2255",0.128215207195098
"2256",0.183111458780898
"2257",0.413277301999724
"2258",0.0815224919651962
"2259",-0.0730788822644172
"2260",-0.0644256206955381
"2261",0.42290585793458
"2262",0.273590909111512
"2263",0.124408899452391
"2264",-0.192498744455395
"2265",-0.471178403888076
"2266",0.662315229896507
"2267",-0.133178570066417
"2268",0.189174693014331
"2269",0.418685322781105
"2270",0.483105392382465
"2271",0.0760156297437061
"2272",-0.200040080549972
"2273",0.402826395931532
"2274",0.210248353919993
"2275",0.138308925412754
"2276",0.251134319886131
"2277",-0.171492371426314
"2278",-0.0382860602008529
"2279",-0.315773102149955
"2280",-0.163230625983821
"2281",-0.300700418536894
"2282",-0.212775844887663
"2283",-0.28141872906308
"2284",-0.282550691669437
"2285",-0.045585414481986
"2286",-0.137028214556141
"2287",-0.274463286203959
"2288",-0.326212234083246
"2289",-0.262926158580186
"2290",-0.112041450275336
"2291",0.0227896394505382
"2292",-0.26339709372502
"2293",-0.329235983446243
"2294",-0.289323529861102
"2295",-0.254339217512682
"2296",-0.270985211130616
"2297",-0.0818182322161249
"2298",0.0648269196126684
"2299",0.120111316897479
"2300",-0.227779951562076
"2301",-0.157753490906962
"2302",-0.396852485713361
"2303",-0.198772010952365
"2304",-0.204552859659385
"2305",-0.316109019297238
"2306",-0.35266481016487
"2307",-0.265598065096985
"2308",-0.290708973566944
"2309",-0.300991306501146
"2310",-0.420196676470643
"2311",-0.251027968459794
"2312",-0.203285214689469
"2313",-0.247475922973127
"2314",-0.219226593180287
"2315",-0.179743068666674
"2316",-0.266003761635593
"2317",-0.220466325709681
"2318",-0.277439893470303
"2319",-0.200675552756955
"2320",-0.329347148855702
"2321",-0.0121547174512129
"2322",0.0274407942970217
"2323",-0.218294665574398
"2324",-0.167644390604287
"2325",-0.281948310093533
"2326",-0.207927046739937
"2327",0.129733607729653
"2328",-0.0337948411188532
"2329",-0.282781584396781
"2330",-0.283025293042297
"2331",-0.266501062024999
"2332",-0.315463309830028
"2333",-0.283686359928984
"2334",-0.265088580019036
"2335",-0.283532970369742
"2336",-0.1628020369102
"2337",-0.326257844674811
"2338",-0.252721476765441
"2339",-0.205203461791926
"2340",-0.256832360819992
"2341",-0.190470183543951
"2342",-0.217684314521605
"2343",-0.140270886602134
"2344",0.0155436085907272
"2345",0.207426339021076
"2346",0.0430669024580124
"2347",0.0670573763992835
"2348",-0.0555488652155086
"2349",0.15160001949609
"2350",-0.0110623919601527
"2351",0.0456335622760747
"2352",-0.0200315425979953
"2353",0.070460163253886
"2354",-0.0124101702401654
"2355",-0.0334808091293065
"2356",-0.315427235831035
"2357",-0.145647941396385
"2358",0.0504963224174706
"2359",-0.0410328285959585
"2360",0.0721870528608488
"2361",0.00184667976743449
"2362",0.0319858895652138
"2363",0.0415436812347652
"2364",-0.117079215114831
"2365",0.0660339149728366
"2366",-0.0424372195556144
"2367",-0.0479991625209113
"2368",-0.0348933711671607
"2369",0.0262509495528629
"2370",0.00776694245862006
"2371",-0.0896570690205354
"2372",0.314046069345372
"2373",0.167426379946368
"2374",0.000984109244863626
"2375",0.219858251297566
"2376",-0.0559276036072804
"2377",0.0830734908108026
"2378",0.056430465291399
"2379",-0.00845496829402603
"2380",0.0601015026590814
"2381",-0.0737774117479405
"2382",-0.0292028199682815
"2383",-0.0535372075747997
"2384",0.1070181138942
"2385",-0.0943381491859697
"2386",0.0581720846313106
"2387",-0.0930216461248789
"2388",0.343418044395088
"2389",0.135399726564552
"2390",-0.0919475616641073
"2391",0.059966000531648
"2392",0.354985206742743
"2393",0.0179036751597488
"2394",-0.137845878928808
"2395",0.0132095900317003
"2396",0.0661423917489735
"2397",0.0374071667588115
"2398",0.000535944277168794
"2399",-0.0664068283392564
"2400",0.00531670423437651
"2401",-0.00861798984868944
"2402",-0.182635878533116
"2403",-0.121927547595462
"2404",-0.0583776265481479
"2405",-0.0785248312216276
"2406",-0.0936904290470854
"2407",0.144973574605548
"2408",0.0399914317034334
"2409",-0.0500107160303788
"2410",0.0499393267004203
"2411",-0.0932698248741222
"2412",-0.0151886909936058
"2413",-0.021241690404896
"2414",0.134652448961847
"2415",-0.187293372054724
"2416",-0.0212670608030104
"2417",0.0184614887099153
"2418",-0.17878392903509
"2419",0.0525288644419973
"2420",-0.00409416819048616
"2421",-0.16120054162741
"2422",0.0892716235031148
"2423",0.0427527550420045
"2424",-0.0318995388474084
"2425",0.0711305153880221
"2426",-0.0384218814633802
"2427",-0.0164967062729161
"2428",-0.0074087209631074
"2429",0.0504024680729489
"2430",0.123410258136521
"2431",-0.106063248827167
"2432",-0.0412561263429271
"2433",0.099522014053656
"2434",-0.0389457944124524
"2435",0.0846692076931131
"2436",0.0456768488039878
"2437",-0.305794172426569
"2438",-0.516262658969635
"2439",0.354104197459062
"2440",-0.472846572686075
"2441",-0.394873177782999
"2442",0.049230457743908
"2443",0.504681755357041
"2444",0.11489887803481
"2445",-0.13003793886144
"2446",-0.202369366035261
"2447",-0.405070403949572
"2448",0.0104729053384792
"2449",-0.377608114768733
"2450",0.0834045201958348
"2451",-0.187355295276691
"2452",0.142802202299957
"2453",-0.182533525896655
"2454",-0.0440978934452373
"2455",-0.425298048990797
"2456",0.203423770673787
"2457",-0.36584707306074
"2458",-0.0543925217535685
"2459",-0.0180154043541511
"2460",0.156810511044123
"2461",0.35035951835345
"2462",-0.129872923750016
"2463",-0.0753016162083918
"2464",-0.229647485111873
"2465",-0.125874249102984
"2466",-0.0502747522982944
"2467",0.3973844676413
"2468",0.439739122176286
"2469",0.172283941669803
"2470",0.156256680488451
"2471",-0.150945364827142
"2472",0.241966368907935
"2473",-0.525755374399501
"2474",0.238479682787067
"2475",0.189928909787285
"2476",0.25877851915107
"2477",0.317488187651703
"2478",0.0294743615394841
"2479",-0.360257825210386
"2480",-0.205644618746757
"2481",0.526970371829414
"2482",0.275199900053309
"2483",0.0696254803025954
"2484",-0.0227533809930432
"2485",-0.303641699644761
"2486",-0.0495261629482353
"2487",0.123727946569513
"2488",0.0191616525288417
"2489",0.245009668176944
"2490",-0.229115489828198
"2491",-0.348878916675765
"2492",-0.358460148590144
"2493",-0.46457749877829
"2494",0.2896248645718
"2495",0.304872241261877
"2496",-0.491903014004259
"2497",-0.160540308224895
"2498",-0.025950688180009
"2499",0.291440291745518
"2500",0.0328559446079218
"2501",0.390188186731276
"2502",0.0808131270010066
"2503",0.0452702671690945
"2504",-0.0301090104006183
"2505",0.330785908865765
"2506",0.0141989659120221
"2507",-0.0150390871433917
"2508",0.150388230484625
"2509",0.282983975366206
"2510",-0.202654436783024
"2511",-0.27297529937897
"2512",0.0282496067745509
"2513",-0.239511666607189
"2514",-0.104509841498294
"2515",-0.0707287546485879
"2516",-0.276792363809444
"2517",-0.0889153888093905
"2518",0.175705937845697
"2519",-0.168528823502642
"2520",-0.282231033617232
"2521",-0.411818074270755
"2522",-0.415133988305849
"2523",-0.226673522341064
"2524",0.0238453914441131
"2525",0.0087726274120782
"2526",0.359220520401562
"2527",0.265201032663627
"2528",0.381115980986609
"2529",0.343359638780444
"2530",-0.228093324998897
"2531",0.230562838049506
"2532",-0.434504129041775
"2533",0.232440866793672
"2534",-0.318388610431148
"2535",-0.487408211173923
"2536",-0.513586930041343
"2537",-0.183465060577011
"2538",-0.591505184495935
"2539",-0.62468065322725
"2540",-0.312738111095024
"2541",-0.348055319415235
"2542",-0.716457513452569
"2543",-0.68705622398552
"2544",-0.520525338251744
"2545",-0.514567900614725
"2546",-0.542880907459222
"2547",-0.442368462666024
"2548",-0.418134636008305
"2549",-0.412055091113515
"2550",-0.235538292546539
"2551",-0.387143783029568
"2552",-0.395480605654631
"2553",-0.396284637126225
"2554",-0.143288406192128
"2555",-0.248679015583164
"2556",-0.472662360014422
"2557",-0.501836934300702
"2558",-0.621240467115228
"2559",-0.902191707959163
"2560",-0.328048054278538
"2561",-0.378562552293349
"2562",-0.496785847563848
"2563",-0.436594568305936
"2564",-0.297143357646534
"2565",-0.757983896431652
"2566",-0.229651848555388
"2567",-0.416309439144549
"2568",-0.320718456791547
"2569",-0.549965861846721
"2570",-0.284914367913675
"2571",-0.409826022411697
"2572",-0.317376659230755
"2573",-0.492868628403033
"2574",-0.445761123316651
"2575",-0.201790973513319
"2576",-0.366091364446942
"2577",-0.463197677116347
"2578",-0.450314350983369
"2579",-0.595852354456411
"2580",-0.580681536055493
"2581",-0.470620947532368
"2582",-0.286101037721894
"2583",-0.271414998163049
"2584",-0.477749826358527
"2585",-0.515523169738309
"2586",-0.607893390089308
"2587",-0.448061881819141
"2588",-0.489642874515729
"2589",-0.340724701023865
"2590",-0.68687357278027
"2591",-0.640312621222391
"2592",-0.522700611130397
"2593",-0.179068808011456
"2594",-0.331286115480167
"2595",-0.430930713008635
"2596",-0.657872240110098
"2597",-0.850584912574472
"2598",-0.0894307541092423
"2599",-0.278569349213994
"2600",-0.386187379899522
"2601",-0.212849807542596
"2602",-0.400791249398647
"2603",-0.889719155057505
"2604",-0.44581590897488
"2605",-0.264047706519156
"2606",-0.594549562687823
"2607",-0.371906289900874
"2608",-0.294207277671583
"2609",-0.213727808003529
"2610",-0.391422025494992
"2611",-0.440234072382339
"2612",-0.66803151958998
"2613",-0.777364022096385
"2614",-0.0167504860567757
"2615",-0.284048026197905
"2616",-0.980043347119169
"2617",-0.958493524497933
"2618",-0.547455851168147
"2619",-0.770266503656224
"2620",-0.237249993566818
"2621",-0.594579457888067
"2622",-0.682108600348288
"2623",-0.763174409041962
"2624",-0.0271631779713199
"2625",-0.520568529911439
"2626",-0.799499761544438
"2627",-0.141013450353888
"2628",-0.216351813614489
"2629",-0.477741186923022
"2630",-0.402298834338316
"2631",-0.374858492713229
"2632",-0.369258749073268
"2633",-0.584250045195737
"2634",-0.594749073963324
"2635",-0.436842474962094
"2636",-0.294976791470022
"2637",-0.0916130497939129
"2638",-0.845845340565285
"2639",-0.345354344508276
"2640",-0.591593229629062
"2641",-0.222624545530946
"2642",-0.329193334328481
"2643",-0.396516575044604
"2644",-0.378881642406214
"2645",-0.849036010321991
"2646",0.0154435447505151
"2647",-0.227636505324121
"2648",-0.699355935715532
"2649",-0.183469333319234
"2650",-0.822371548101896
"2651",-0.893668806426497
"2652",-0.405027734966425
"2653",-0.612709798058046
"2654",-0.787380162705279
"2655",-0.908301709935436
"2656",-0.943004017807421
"2657",-0.777319494922603
"2658",-0.847544494434251
"2659",-0.537711011997809
"2660",-0.389264495688984
"2661",-0.354906469352469
"2662",-0.384453718866085
"2663",-0.224575777063438
"2664",-0.936124424824091
"2665",-0.451046768637816
"2666",-0.300909382043793
"2667",-0.966163636578174
"2668",-0.306607746408548
"2669",-0.337967178275935
"2670",-0.962115313696161
"2671",-0.345638950181494
"2672",-0.22702558701221
"2673",-0.763295939801216
"2674",-0.308012887622232
"2675",-0.676255729071788
"2676",-0.697210174067822
"2677",-0.38810794409172
"2678",-0.764246151113468
"2679",-0.512923035674901
"2680",-0.204292007430559
"2681",-0.539285355350069
"2682",-0.53164039948297
"2683",-0.0125843578852757
"2684",-0.476885461541513
"2685",-1.12502308867833
"2686",-0.372594801895755
"2687",-0.795337846582556
"2688",-0.721858623393905
"2689",-0.77498924229453
"2690",-0.576599458118514
"2691",-0.812284027708824
"2692",-0.724661446717807
"2693",-0.485915943570082
"2694",-0.690405009921763
"2695",-0.107523067645673
"2696",-0.184894542308268
"2697",-0.250871134873869
"2698",-0.219679052592066
"2699",-0.44836134497927
"2700",-0.38932524200587
"2701",-0.24098367888719
"2702",-0.411680324050786
"2703",-0.113234876941126
"2704",-0.20225800764689
"2705",-0.335589040035363
"2706",-0.754675564472394
"2707",-0.403719208677372
"2708",-0.745153573705759
"2709",-0.920093239480844
"2710",-0.111247151003214
"2711",-0.0622946946553641
"2712",0.144149758234151
"2713",0.156234496511534
"2714",0.0560425860434553
"2715",0.14543073657899
"2716",-0.101345164067649
"2717",0.0465261899139675
"2718",-0.0512115566506243
"2719",0.148895378475471
"2720",-0.0529358540440628
"2721",0.144296602441559
"2722",0.0254988874980448
"2723",-0.0286697455127601
"2724",0.051413332508773
"2725",0.0148882879914581
"2726",-0.0498088329981871
"2727",-0.0703951914371991
"2728",-0.0624499223221971
"2729",-0.0859443706502128
"2730",0.0276813294919054
"2731",-0.030757783450052
"2732",-0.00380298813107972
"2733",-0.165459777153317
"2734",-0.0500955389750983
"2735",-0.00420776637782734
"2736",0.0440798984409031
"2737",0.0867725496103986
"2738",-0.00771310103882733
"2739",0.00123761476483807
"2740",-0.0428668847552529
"2741",-0.0831637247050517
"2742",0.229566129028401
"2743",-0.128710859549049
"2744",0.143603578463945
"2745",-0.0871061206672552
"2746",0.122262832980087
"2747",0.0812042239175831
"2748",-0.131969290863429
"2749",-0.137871772472988
"2750",0.0235485733708478
"2751",0.12083895539571
"2752",0.0473895220786195
"2753",0.0828486448218806
"2754",0.0210140459104832
"2755",0.0385149886892618
"2756",0.0284207441921368
"2757",0.0435486400671761
"2758",-0.000654267197080031
"2759",0.121297824067543
"2760",0.0374626273541753
"2761",0.0871324052896106
"2762",0.246764883909825
"2763",0.0259526107988325
"2764",-0.220518353811578
"2765",0.00156178800049555
"2766",0.231948053037137
"2767",0.0330247485298647
"2768",0.180778977314914
"2769",0.214094875235545
"2770",-0.0462305678660834
"2771",0.165422482322432
"2772",0.123387317700334
"2773",-0.127786128298793
"2774",0.0719742606718726
"2775",0.298997709083707
"2776",0.139681175360037
"2777",-0.0593147420139532
"2778",0.111181785417663
"2779",-0.0522157202993841
"2780",0.0956916408839896
"2781",0.236727738765697
"2782",-0.0593197580593971
"2783",-0.0444947238923756
"2784",0.246672844572673
"2785",-0.0458461432319173
"2786",0.132801410543617
"2787",0.0550403719542287
"2788",0.0412967898179313
"2789",-0.217520730584013
"2790",0.000600956667137798
"2791",-0.0657097009681541
"2792",-0.0465735986913163
"2793",0.0158420427996962
"2794",0.155595806476311
"2795",0.131311461222193
"2796",0.0581550944881788
"2797",0.0160039920057719
"2798",0.0469076239730299
"2799",0.00214225825269289
"2800",-0.245908770305472
"2801",0.146741628531806
"2802",0.119926062864554
"2803",-0.0889954452224722
"2804",-0.075959425881345
"2805",-0.480197825159466
"2806",-0.136921040318991
"2807",0.0730710338155652
"2808",-0.00539554833467076
"2809",-0.0886640356743893
"2810",-0.549552340018458
"2811",-0.113659277320052
"2812",0.0397198223366175
"2813",-0.326078926857745
"2814",-0.169862421251842
"2815",-0.026889871360801
"2816",0.0192378832618818
"2817",-0.465457382376383
"2818",0.0239653830147295
"2819",-0.0127641714609607
"2820",-0.159026036753957
"2821",-0.0310166575787063
"2822",-0.308613352322876
"2823",-0.0422770937274474
"2824",-0.133705674748658
"2825",-0.125063922670237
"2826",-0.148548263262718
"2827",0.0979158438464437
"2828",-0.259335693355707
"2829",0.147353203588122
"2830",-0.0301246013375593
"2831",-0.106230525244474
"2832",0.162880925560744
"2833",0.151943827619033
"2834",0.0455756627890525
"2835",-0.197466543646345
"2836",-0.0838952991231731
"2837",-0.129646331014748
"2838",0.0269425249265479
"2839",0.0558685804436544
"2840",0.133220488566187
"2841",0.0122428478377513
"2842",-0.00542222073289022
"2843",0.235566656972862
"2844",-0.189428521929541
"2845",-0.00521048449497594
"2846",-0.174303372881966
"2847",-0.123922162612115
"2848",0.0879504414425845
"2849",-0.207916693528956
"2850",-0.116533822492305
"2851",0.0804299065519104
"2852",0.0179966359161216
"2853",-0.0247628428772648
"2854",-0.187745547891837
"2855",0.0698293934035017
"2856",-0.247193950709318
"2857",0.0812540334626979
"2858",-0.591847140660243
"2859",-0.089538900221391
"2860",0.0547469119552877
"2861",0.190559438060278
"2862",-0.500541831446277
"2863",-0.0356601828140637
"2864",-0.00825728672995888
"2865",0.0901711531045534
"2866",-0.036050183960046
"2867",-0.0122750677207325
"2868",-0.440386494487241
